{
  "mean": 0.9928297400474548,
  "std": 0.029244644567370415
}