{
  "seeds": [
    42,
    123,
    777
  ],
  "mae_ut_mean": 561.37,
  "mae_ut_std": 2.19,
  "max_err_ut_mean": 7007.28,
  "max_err_ut_std": 425.78,
  "r2_mean": 0.84884,
  "r2_std": 0.00264,
  "per_seed": [
    {
      "seed": 42,
      "mae_ut": 560.75,
      "max_err_ut": 6489.89,
      "r2": 0.847
    },
    {
      "seed": 123,
      "mae_ut": 564.31,
      "max_err_ut": 7532.74,
      "r2": 0.84693
    },
    {
      "seed": 777,
      "mae_ut": 559.06,
      "max_err_ut": 6999.21,
      "r2": 0.85258
    }
  ]
}